/*USE dogAdoption;
GO
INSERT INTO Zipcode VALUES ('20814', 'Harisburg', 'PA')
INSERT INTO Zipcode VALUES ('11413', 'New York', 'NY')
INSERT INTO Zipcode VALUES ('76039', 'Dallas', 'TX')
INSERT INTO Zipcode VALUES ('21117', 'Huntington', 'WV')
INSERT INTO Zipcode VALUES ('70042', 'Baton Rouge', 'LA')
INSERT INTO Zipcode VALUES ('21740', 'Charleston', 'WV')
INSERT INTO Zipcode VALUES ('55318', 'Minneapolis', 'MN')
INSERT INTO Zipcode VALUES ('32065', 'Miami', 'FL')
INSERT INTO Zipcode VALUES ('45356', 'Cleveland', 'OH')
INSERT INTO Zipcode VALUES ('46530', 'Cincinnati', 'OH')


INSERT INTO Dogs VALUES (1, 'Rottweiler', 'Moderate','Large', 4, 'Female',75.00)
INSERT INTO Dogs VALUES (2, 'Rat Terrier', 'Short','Small', 7, 'Female',35.00)
INSERT INTO Dogs VALUES (3, 'Border Collie', 'Long','Medium', 3, 'Male',40.00)
INSERT INTO Dogs VALUES (4, 'Jack Russel Terrier', 'Short','Small', 4, 'Female',38.00)
INSERT INTO Dogs VALUES (5, 'American Bulldog', 'Short','Large', 4, 'Female',67.00)
INSERT INTO Dogs VALUES (6, 'American Pit Bull Terrier', 'Short','Large', 2, 'Male',70.00)
INSERT INTO Dogs VALUES (7, 'Labrador Retriever', 'Moderate','Medium', 1, 'Male',58.00)
INSERT INTO Dogs VALUES (8, 'German Shepherd', 'Long','Large', 6, 'Female',60.00)
INSERT INTO Dogs VALUES (9, 'Boxer', 'Short','Medium', 5, 'Male',45.00)
INSERT INTO Dogs VALUES (10, 'Beagle', 'Short','Small',7, 'Female',35.00)

INSERT INTO Locations VALUES (1, 'Adoption Center')
INSERT INTO Locations VALUES (2, 'Human Society')
INSERT INTO Locations VALUES (3, 'Animal Shelter')
INSERT INTO Locations VALUES (4, 'ASPCA')
INSERT INTO Locations VALUES (5, 'Petfinder')

INSERT INTO Customers VALUES (1, 'Xavier Octavia', '9510 Hillside Rd','20814','334-792-7835')
INSERT INTO Customers VALUES (2, 'Earlene Bud', '875 Oakwood St','11413','334-792-7835')
INSERT INTO Customers VALUES (3, 'Margaret Augustine', '855 Windsor Rd','76039','334-792-7835')
INSERT INTO Customers VALUES (4, 'Renie Evangeline', '518 Pennington St','21117','334-792-7835')
INSERT INTO Customers VALUES (5, 'Michayla Ricki', '6 North Chestnut Ave','70042','334-792-7835')
INSERT INTO Customers VALUES (6, 'Mina Laraine', '7463 SW Ridge Ln','21740','334-792-7835')
INSERT INTO Customers VALUES (7, 'Colbert Trafford', '248 Cooper Dr','55318','334-792-7835')
INSERT INTO Customers VALUES (8, 'Vern Lynne', '8617 Annadale Ave','32065','334-792-7835')
INSERT INTO Customers VALUES (9, 'Marylu Mortimer', '76 Indian Spring Dr','45356','334-792-7835')
INSERT INTO Customers VALUES (10, 'Troy Petunia', '8964 Newcastle Rd','46530','334-792-7835')

INSERT INTO Adoption VALUES (1, '9/8/2020', 1, 1)
INSERT INTO Adoption VALUES (2, '9/8/2020', 2, 2)
INSERT INTO Adoption VALUES (3, '9/8/2020', 2, 3)
INSERT INTO Adoption VALUES (4, '9/8/2020', 3, 4)
INSERT INTO Adoption VALUES (5, '9/8/2020', 4, 5)
INSERT INTO Adoption VALUES (6, '9/8/2020', 4, 6)
INSERT INTO Adoption VALUES (7, '9/8/2020', 4, 7)
INSERT INTO Adoption VALUES (8, '9/8/2020', 5, 8)
INSERT INTO Adoption VALUES (9, '9/8/2020', 5, 9)
INSERT INTO Adoption VALUES (10, '9/8/2020', 5, 10)

INSERT INTO AdoptionDetails VALUES (1, 1, 1, 'Credit')
INSERT INTO AdoptionDetails VALUES (2, 2, 2, 'Credit')
INSERT INTO AdoptionDetails VALUES (3, 3, 3, 'Debit')
INSERT INTO AdoptionDetails VALUES (4, 4, 4, 'Cash')
INSERT INTO AdoptionDetails VALUES (5, 5, 5, 'Check')
INSERT INTO AdoptionDetails VALUES (6, 6, 6, 'Check')
INSERT INTO AdoptionDetails VALUES (7, 7, 7, 'Check')
INSERT INTO AdoptionDetails VALUES (8, 8, 8, 'Debit')
INSERT INTO AdoptionDetails VALUES (9, 9, 9, 'Cash')
INSERT INTO AdoptionDetails VALUES (10, 10, 10, 'Credit')*/




